{
  "metadata_csv": "data\\processed\\iu_xray_metadata.csv",
  "rows": {
    "train_val": 3056,
    "test": 762
  },
  "binary": {
    "metrics": {
      "text_only": {
        "roc_auc": 0.6117615849758706,
        "pr_auc": 0.7008355589598204,
        "f1": 0.6297169811320755,
        "precision": 0.7026315789473684,
        "recall": 0.5705128205128205
      },
      "image_only": {
        "roc_auc": 0.6823361823361824,
        "pr_auc": 0.7683525791683674,
        "f1": 0.6765714285714286,
        "precision": 0.7272727272727273,
        "recall": 0.6324786324786325
      },
      "early_fusion": {
        "roc_auc": 0.6877943485086342,
        "pr_auc": 0.7775419237589182,
        "f1": 0.6799557032115172,
        "precision": 0.7057471264367816,
        "recall": 0.655982905982906
      },
      "gated_fusion": {
        "roc_auc": 0.6863989185417756,
        "pr_auc": 0.782079926501095,
        "f1": 0.7056277056277056,
        "precision": 0.7149122807017544,
        "recall": 0.6965811965811965
      }
    },
    "mean_modality_weights": {
      "text": 0.48298670149707995,
      "image": 0.5170132985029201
    }
  },
  "multilabel": {
    "label_columns": [
      "label_Opacity",
      "label_Cardiomegaly",
      "label_Pulmonary_Atelectasis",
      "label_Calcinosis",
      "label_Calcified_Granuloma"
    ],
    "metrics": {
      "gated_fusion": {
        "micro_roc_auc": 0.6293423749586189,
        "macro_roc_auc": 0.6194114561345238,
        "micro_pr_auc": 0.1524327638132545,
        "macro_pr_auc": 0.16589566733664068,
        "micro_f1": 0.19761499148211242,
        "macro_f1": 0.1883491778350869
      }
    }
  },
  "artifacts": {
    "binary_model": "outputs\\final\\binary_gated_fusion.joblib",
    "multilabel_model": "outputs\\final\\multilabel_gated_fusion.joblib",
    "labels": "outputs\\final\\labels.json",
    "metrics": "outputs\\final\\final_metrics.json"
  }
}