{
  "metadata_csv": "data\\processed\\iu_xray_metadata.csv",
  "task": "binary",
  "label_columns": [
    "is_abnormal"
  ],
  "rows": {
    "train": 840,
    "val": 120,
    "test": 239
  },
  "metrics": {
    "text": {
      "roc_auc": 0.5703194321206744,
      "pr_auc": 0.6748497472319814,
      "f1": 0.6125461254612546,
      "precision": 0.6693548387096774,
      "recall": 0.564625850340136
    },
    "image": {
      "roc_auc": 0.6152026027802426,
      "pr_auc": 0.7188036344128707,
      "f1": 0.6573426573426573,
      "precision": 0.6762589928057554,
      "recall": 0.6394557823129252
    },
    "fusion": {
      "roc_auc": 0.6210440698018338,
      "pr_auc": 0.7176853684501019,
      "f1": 0.6597222222222222,
      "precision": 0.6737588652482269,
      "recall": 0.6462585034013606
    }
  }
}